epoch,time,train/box_loss,train/cls_loss,train/dfl_loss,metrics/precision(B),metrics/recall(B),metrics/mAP50(B),metrics/mAP50-95(B),val/box_loss,val/cls_loss,val/dfl_loss,lr/pg0,lr/pg1,lr/pg2
1,56.5355,3.37258,4.2707,2.20605,0.00078,0.00149,0.00041,6e-05,2.58951,4.13052,1.75102,0.0001125,0.0001125,0.0001125
2,113.004,3.1048,3.79794,1.81996,0.00956,0.02639,0.00903,0.00246,2.4676,3.98275,1.61176,0.000235149,0.000235149,0.000235149
3,170.628,3.00287,3.2454,1.66536,0.02607,0.2403,0.06362,0.01644,2.5512,3.71611,1.67287,0.000355322,0.000355322,0.000355322
4,227.613,2.96163,2.8022,1.60595,0.6139,0.16324,0.13106,0.05148,2.39343,3.23049,1.56959,0.000473021,0.000473021,0.000473021
5,285.412,2.93805,2.64594,1.60166,0.08949,0.29106,0.13592,0.05944,2.51615,3.77778,1.59282,0.000588245,0.000588245,0.000588245
